[
  {
    "id": "mg4_vs_corolla_hybrid",
    "label": "MG 4 Excite 51 vs Toyota Corolla Hybrid",
    "segment": "Hatchback",
    "upfront_premium_aud": 1890,
    "ev_kwh_per_100km": 18.4,
    "ice_l_per_100km": 4.0,
    "maintenance_saving_per_year_aud": 150
  },
  {
    "id": "atto3_vs_corolla_cross_hybrid",
    "label": "BYD Atto 3 Essential vs Toyota Corolla Cross Hybrid",
    "segment": "Small SUV",
    "upfront_premium_aud": 2700,
    "ev_kwh_per_100km": 14.8,
    "ice_l_per_100km": 4.4,
    "maintenance_saving_per_year_aud": 150
  },
  {
    "id": "modely_vs_rav4_hybrid",
    "label": "Tesla Model Y RWD vs Toyota RAV4 Hybrid GX",
    "segment": "Mid SUV",
    "upfront_premium_aud": 12400,
    "ev_kwh_per_100km": 15.7,
    "ice_l_per_100km": 4.7,
    "maintenance_saving_per_year_aud": 150
  },
  {
    "id": "kona_electric_vs_kona_hybrid",
    "label": "Hyundai Kona Electric Std vs Hyundai Kona Hybrid",
    "segment": "Small SUV",
    "upfront_premium_aud": 4790,
    "ev_kwh_per_100km": 14.8,
    "ice_l_per_100km": 3.9,
    "maintenance_saving_per_year_aud": 150
  },
  {
    "id": "ev5_vs_sportage_hybrid",
    "label": "Kia EV5 Air Std vs Kia Sportage Hybrid",
    "segment": "Mid SUV",
    "upfront_premium_aud": 5170,
    "ev_kwh_per_100km": 18.2,
    "ice_l_per_100km": 4.9,
    "maintenance_saving_per_year_aud": 150
  }
]